{
    "AA": [
        35.64097282455788,
        7.415028265537497,
        -154,
        [
            0.08097282455788246,
            0.039027175442122086
        ],
        [
            0.8150282655374967,
            0.38497173446250255
        ],
        [
            0,
            0
        ]
    ],
    "AC": [
        34.91379616662957,
        -0.11141900725969567,
        143,
        [
            1.8137961666295652,
            0.7862038333704291
        ],
        [
            3.7885809927403042,
            6.211419007259695
        ],
        [
            0,
            0
        ]
    ],
    "AG": [
        28.08006937066779,
        7.336592605640611,
        2,
        [
            1.8800693706677905,
            1.1199306293322095
        ],
        [
            1.9365926056406106,
            4.063407394359389
        ],
        [
            0,
            0
        ]
    ],
    "AT": [
        30.65699739110229,
        1.2386212131879164,
        0,
        [
            0.256997391102292,
            1.9430026088977108
        ],
        [
            0.6386212131879163,
            3.3613787868120832
        ],
        [
            0,
            0
        ]
    ],
    "CA": [
        35.31700686221758,
        14.583395366956864,
        -64,
        [
            1.7170068622175805,
            0.08299313778241668
        ],
        [
            45.083395366956864,
            22.916604633043136
        ],
        [
            0,
            0
        ]
    ],
    "CC": [
        33.653626795712455,
        2.340539053148637,
        -57,
        [
            0.053626795712453657,
            0.08637320428754691
        ],
        [
            2.340539053148637,
            1.859460946851363
        ],
        [
            0,
            0
        ]
    ],
    "CG": [
        29.81815166352404,
        5.912561278216462,
        0,
        [
            1.118151663524042,
            1.0818483364759608
        ],
        [
            0.7125612782164614,
            2.2874387217835377
        ],
        [
            0,
            0
        ]
    ],
    "CT": [
        28.19674399366957,
        6.839720811793609,
        -2,
        [
            1.996743993669572,
            1.003256006330428
        ],
        [
            1.4397208117936087,
            4.560279188206391
        ],
        [
            0,
            0
        ]
    ],
    "GA": [
        37.460161823518995,
        7.47536087971177,
        120,
        [
            1.4601618235189946,
            0.33983817648100256
        ],
        [
            8.175360879711771,
            3.8246391202882304
        ],
        [
            0,
            0
        ]
    ],
    "GC": [
        39.49838845865893,
        5.958581336793451,
        180,
        [
            0.6983884586589326,
            1.701611541341073
        ],
        [
            2.2335813367934505,
            0.31641866320654977
        ],
        [
            0,
            0
        ]
    ],
    "GG": [
        33.634624748631026,
        3.6316655630399413,
        57,
        [
            0.034624748631024715,
            0.10537525136897585
        ],
        [
            3.6316655630399413,
            0.5683344369600589
        ],
        [
            0,
            0
        ]
    ],
    "GT": [
        33.1340353691381,
        3.932112851473403,
        -143,
        [
            0.03403536913809546,
            2.565964630861899
        ],
        [
            7.832112851473402,
            2.1678871485265967
        ],
        [
            0,
            0
        ]
    ],
    "TA": [
        37.00337721882832,
        2.166231806584625,
        0,
        [
            2.103377218828321,
            0.09662278117168199
        ],
        [
            3.266231806584625,
            0.7337681934153748
        ],
        [
            0,
            0
        ]
    ],
    "TC": [
        37.22793107236739,
        6.793590666365598,
        -120,
        [
            1.2279310723673902,
            0.572068927632607
        ],
        [
            7.4935906663655985,
            4.506409333634402
        ],
        [
            0,
            0
        ]
    ],
    "TG": [
        34.20765882732238,
        22.50160861690585,
        64,
        [
            0.607658827322382,
            1.1923411726776152
        ],
        [
            53.00160861690585,
            14.998391383094152
        ],
        [
            0,
            0
        ]
    ],
    "TT": [
        35.621771082211794,
        7.774744645945305,
        154,
        [
            0.0617710822117985,
            0.05822891778820605
        ],
        [
            1.1747446459453048,
            0.02525535405469448
        ],
        [
            0,
            0
        ]
    ]
}