{
    "AA": [
        35.61360867673271,
        6.833439875201589,
        -154,
        [
            0.053608676732714855,
            0.06639132326728969
        ],
        [
            0.23343987520158826,
            0.966560124798411
        ],
        [
            0,
            0
        ]
    ],
    "AC": [
        34.49525545725107,
        -1.3613103341093091,
        143,
        [
            1.3952554572510678,
            1.2047445427489265
        ],
        [
            2.538689665890691,
            7.461310334109308
        ],
        [
            0,
            0
        ]
    ],
    "AG": [
        27.731644698348326,
        9.250347650794671,
        2,
        [
            1.5316446983483267,
            1.4683553016516733
        ],
        [
            3.850347650794671,
            2.149652349205329
        ],
        [
            0,
            0
        ]
    ],
    "AT": [
        31.162777676242015,
        1.042497957891534,
        0,
        [
            0.7627776762420169,
            1.437222323757986
        ],
        [
            0.442497957891534,
            3.5575020421084655
        ],
        [
            0,
            0
        ]
    ],
    "CA": [
        34.56246103442498,
        5.5685458589440495,
        -64,
        [
            0.962461034424976,
            0.8375389655750212
        ],
        [
            36.06854585894405,
            31.93145414105595
        ],
        [
            0,
            0
        ]
    ],
    "CC": [
        33.62068338530541,
        1.841015581610232,
        -57,
        [
            0.020683385305410695,
            0.11931661469458987
        ],
        [
            1.841015581610232,
            2.358984418389768
        ],
        [
            0,
            0
        ]
    ],
    "CG": [
        29.52400271282735,
        7.511325067827592,
        0,
        [
            0.824002712827351,
            1.3759972871726518
        ],
        [
            2.3113250678275916,
            0.6886749321724075
        ],
        [
            0,
            0
        ]
    ],
    "CT": [
        27.14188590807577,
        7.1373396759356496,
        -2,
        [
            0.941885908075772,
            2.058114091924228
        ],
        [
            1.7373396759356492,
            4.262660324064351
        ],
        [
            0,
            0
        ]
    ],
    "GA": [
        37.09621710973341,
        3.2468395714611664,
        120,
        [
            1.0962171097334092,
            0.7037828902665879
        ],
        [
            3.9468395714611666,
            8.053160428538835
        ],
        [
            0,
            0
        ]
    ],
    "GC": [
        40.51588312544257,
        4.503543389139139,
        180,
        [
            1.7158831254425735,
            0.6841168745574322
        ],
        [
            0.7785433891391391,
            1.7714566108608611
        ],
        [
            0,
            0
        ]
    ],
    "GG": [
        33.67127593938584,
        1.6558580496480828,
        57,
        [
            0.07127593938584198,
            0.06872406061415859
        ],
        [
            1.6558580496480828,
            2.5441419503519174
        ],
        [
            0,
            0
        ]
    ],
    "GT": [
        33.851023160325255,
        0.6983365803116355,
        -143,
        [
            0.7510231603252535,
            1.8489768396747408
        ],
        [
            4.598336580311635,
            5.401663419688364
        ],
        [
            0,
            0
        ]
    ],
    "TA": [
        36.290868811007435,
        -0.037718916976428186,
        0,
        [
            1.3908688110074365,
            0.8091311889925663
        ],
        [
            1.0622810830235718,
            2.937718916976428
        ],
        [
            0,
            0
        ]
    ],
    "TC": [
        36.839925058919825,
        6.084819542976982,
        -120,
        [
            0.8399250589198246,
            0.9600749410801726
        ],
        [
            6.784819542976982,
            5.215180457023019
        ],
        [
            0,
            0
        ]
    ],
    "TG": [
        34.17189506431336,
        14.014483031538157,
        64,
        [
            0.5718950643133596,
            1.2281049356866376
        ],
        [
            44.514483031538155,
            23.485516968461845
        ],
        [
            0,
            0
        ]
    ],
    "TT": [
        35.592361714561214,
        7.310124830970115,
        154,
        [
            0.032361714561218946,
            0.0876382854387856
        ],
        [
            0.7101248309701145,
            0.4898751690298848
        ],
        [
            0,
            0
        ]
    ]
}