{
    "AA": [
        35.61312843977193,
        6.833538252851933,
        -154,
        [
            0.053128439771931824,
            0.06687156022807272
        ],
        [
            0.23353825285193253,
            0.9664617471480668
        ],
        [
            0,
            0
        ]
    ],
    "AC": [
        34.49170912841509,
        -1.2071939178908275,
        143,
        [
            1.391709128415087,
            1.2082908715849072
        ],
        [
            2.6928060821091724,
            7.307193917890827
        ],
        [
            0,
            0
        ]
    ],
    "AG": [
        27.82733321316318,
        9.191415655128166,
        2,
        [
            1.6273332131631797,
            1.3726667868368203
        ],
        [
            3.7914156551281657,
            2.2085843448718343
        ],
        [
            0,
            0
        ]
    ],
    "AT": [
        31.172938311624513,
        1.0392239940579429,
        0,
        [
            0.7729383116245145,
            1.4270616883754883
        ],
        [
            0.43922399405794277,
            3.560776005942057
        ],
        [
            0,
            0
        ]
    ],
    "CA": [
        34.562365730054566,
        5.568524999990258,
        -64,
        [
            0.9623657300545645,
            0.8376342699454327
        ],
        [
            36.06852499999026,
            31.93147500000974
        ],
        [
            0,
            0
        ]
    ],
    "CC": [
        33.62066348052777,
        1.8412663286693376,
        -57,
        [
            0.0206634805277659,
            0.11933651947223467
        ],
        [
            1.8412663286693376,
            2.3587336713306626
        ],
        [
            0,
            0
        ]
    ],
    "CG": [
        29.523997642546078,
        7.511333253369987,
        0,
        [
            0.8239976425460789,
            1.376002357453924
        ],
        [
            2.3113332533699866,
            0.6886667466300125
        ],
        [
            0,
            0
        ]
    ],
    "CT": [
        27.143854128068746,
        7.216882455498121,
        -2,
        [
            0.9438541280687467,
            2.0561458719312533
        ],
        [
            1.8168824554981207,
            4.183117544501879
        ],
        [
            0,
            0
        ]
    ],
    "GA": [
        37.09611375434188,
        3.246840245484518,
        120,
        [
            1.0961137543418786,
            0.7038862456581185
        ],
        [
            3.9468402454845184,
            8.053159754515482
        ],
        [
            0,
            0
        ]
    ],
    "GC": [
        40.521199510584324,
        4.506659163126588,
        180,
        [
            1.7211995105843272,
            0.6788004894156785
        ],
        [
            0.7816591631265877,
            1.7683408368734126
        ],
        [
            0,
            0
        ]
    ],
    "GG": [
        33.67129130773322,
        1.6560764431653001,
        57,
        [
            0.0712913077332189,
            0.06870869226678167
        ],
        [
            1.6560764431653001,
            2.5439235568347
        ],
        [
            0,
            0
        ]
    ],
    "GT": [
        33.7822205067367,
        0.6983589184534742,
        -143,
        [
            0.682220506736698,
            1.9177794932632963
        ],
        [
            4.598358918453474,
            5.401641081546526
        ],
        [
            0,
            0
        ]
    ],
    "TA": [
        36.27119029708127,
        -0.05103359227586529,
        0,
        [
            1.3711902970812702,
            0.8288097029187327
        ],
        [
            1.0489664077241347,
            2.951033592275865
        ],
        [
            0,
            0
        ]
    ],
    "TC": [
        36.839919565419905,
        6.086793440848181,
        -120,
        [
            0.8399195654199048,
            0.9600804345800924
        ],
        [
            6.786793440848181,
            5.2132065591518195
        ],
        [
            0,
            0
        ]
    ],
    "TG": [
        34.171894167841685,
        14.063523801857448,
        64,
        [
            0.571894167841684,
            1.2281058321583131
        ],
        [
            44.56352380185745,
            23.43647619814255
        ],
        [
            0,
            0
        ]
    ],
    "TT": [
        35.59210581196408,
        7.3090323707502645,
        154,
        [
            0.032105811964086683,
            0.08789418803591786
        ],
        [
            0.7090323707502639,
            0.49096762924973536
        ],
        [
            0,
            0
        ]
    ]
}